Dataset,RMSE,MAE,R2
Train,0.7647727669271785,0.3290785759009599,0.9998104252547242
Validation,1.522185906656082,0.8316323526298763,0.9992605777955167
