Dataset,RMSE,MAE,R2
Train,5.402607763265335,3.5221558341397317,0.9905393161773063
Validation,5.653890302417882,3.7501534629094353,0.9897987861759446
