Model,Dataset,RMSE,MAE,R2
Ridge,Train,5.402607763265335,3.5221558341397317,0.9905393161773063
Ridge,Validation,5.653890302417882,3.7501534629094353,0.9897987861759446
Random Forest,Train,0.7647727669271785,0.3290785759009599,0.9998104252547242
Random Forest,Validation,1.522185906656082,0.8316323526298763,0.9992605777955167
